{
    "openjourney": 0.2726032936573029,
    "sd2-1": 0.2682823275849223,
    "dalle2": 0.26842829371988775,
    "sd1-4": 0.276280767261982,
    "versatile-diffusion": 0.26059669136255986,
    "cogview2": 0.20443995087221264
}