{
    "openjourney": 0.2614509442404378,
    "sd2-1": 0.24574951860937289,
    "dalle2": 0.21147987192193973,
    "sd1-4": 0.13433065148582682,
    "versatile-diffusion": -0.2470659721635748,
    "cogview2": -1.237555438719108
}